order_var,value,url,scrape_date
1,Huge ancient city found in the Amazon,/news/science-environment-67940671,2024-01-12 05:05:19
2,Who are the Houthi rebels attacking Red Sea ships?,/news/world-middle-east-67614911,2024-01-12 05:05:19
3,Huge galaxy ring challenges thinking on universe,/news/science-environment-67950749,2024-01-12 05:05:19
4,Swedish alarm after defence chiefs' war warning,/news/world-europe-67935464,2024-01-12 05:05:19
5,Trump turns his legal battles into campaign spectacle,/news/world-us-canada-67953895,2024-01-12 05:05:19
6,"Israel officials want Gaza destruction, court told",/news/world-middle-east-67942983,2024-01-12 05:05:19
7,Iranian Navy seizes oil tanker near Oman,/news/world-middle-east-67948119,2024-01-12 05:05:19
8,Ukraine MPs reject bid to crack down on draft dodgers,/news/world-europe-67949900,2024-01-12 05:05:19
9,Trump blasts judge as New York fraud trial nears end,/news/world-us-canada-67939251,2024-01-12 05:05:19
10,S African DJ Black Coffee injured during flight to gig,/news/world-africa-67920477,2024-01-12 05:05:19
