order_var,value,url,scrape_date
1,Swedish alarm after defence chiefs' war warning,/news/world-europe-67935464,2024-01-11 07:56:55
2,Christie exits 2024 race with parting shot at Trump,/news/world-us-canada-67942038,2024-01-11 07:56:55
3,Five takeaways from the Haley-DeSantis debate,/news/world-us-canada-67942133,2024-01-11 07:56:55
4,Young Austrian heiress reveals €25m giveaway plan,/news/world-europe-67935463,2024-01-11 07:56:55
5,US and UK hint at action after largest Red Sea attack,/news/world-middle-east-67932725,2024-01-11 07:56:55
6,What is the genocide case against Israel?,/news/world-middle-east-67922346,2024-01-11 07:56:55
7,Illegal New York synagogue tunnel leads to 9 arrests,/news/world-us-canada-67938683,2024-01-11 07:56:55
8,Aaron Rodgers will no longer appear on ESPN show,/news/world-us-canada-67918711,2024-01-11 07:56:55
9,"Russian missiles wreck Kharkiv hotel, Ukraine says",/news/world-europe-67942020,2024-01-11 07:56:55
10,Finnish artists want Israel barred from Eurovision,/news/entertainment-arts-67941086,2024-01-11 07:56:55
