order_var,value,url,scrape_date
1,Illegal New York synagogue tunnel leads to 9 arrests,/news/world-us-canada-67938683,2024-01-10 20:39:20
2,US and UK hint at action after largest Red Sea attack,/news/world-middle-east-67932725,2024-01-10 20:39:20
3,Shock as Hunter Biden attends House contempt hearing,/news/world-us-canada-67938591,2024-01-10 20:39:20
4,Streets empty as Ecuador reels from violence,/news/world-latin-america-67938285,2024-01-10 20:39:20
5,Scientists crack mystery of how MS gene spread,/news/health-67917294,2024-01-10 20:39:20
6,Polish police arrest MPs in presidential palace,/news/world-europe-67929549,2024-01-10 20:39:20
7,Young Austrian heiress reveals €25m giveaway plan,/news/world-europe-67935463,2024-01-10 20:39:20
8,Oppenheimer leads SAG nominations but Leo snubbed,/news/entertainment-arts-67936612,2024-01-10 20:39:20
9,How Ecuador descended into gang violence,/news/world-latin-america-67912242,2024-01-10 20:39:20
10,The Taiwan that China wants is vanishing,/news/world-asia-67920287,2024-01-10 20:39:20
