order_var,value,url,scrape_date
1,US and UK hint at action after largest Red Sea attack,/news/world-middle-east-67932725,2024-01-10 22:49:34
2,Illegal New York synagogue tunnel leads to 9 arrests,/news/world-us-canada-67938683,2024-01-10 22:49:34
3,Shock as Hunter Biden attends House contempt hearing,/news/world-us-canada-67938591,2024-01-10 22:49:34
4,Scientists crack mystery of how MS gene spread,/news/health-67917294,2024-01-10 22:49:34
5,Streets empty as Ecuador reels from violence,/news/world-latin-america-67938285,2024-01-10 22:49:34
6,Polish police arrest MPs in presidential palace,/news/world-europe-67929549,2024-01-10 22:49:34
7,Young Austrian heiress reveals €25m giveaway plan,/news/world-europe-67935463,2024-01-10 22:49:34
8,Oppenheimer leads SAG nominations but Leo snubbed,/news/entertainment-arts-67936612,2024-01-10 22:49:34
9,TV and film actor Adan Canto dies of cancer at 42,/news/entertainment-arts-67932741,2024-01-10 22:49:34
10,Haley and DeSantis face-off in last Republican debate,/news/world-us-canada-67938594,2024-01-10 22:49:34
