order_var,value,url,scrape_date
1,Huge ancient city found in the Amazon,/news/science-environment-67940671,2024-01-12 04:39:30
2,Who are the Houthi rebels attacking Red Sea ships?,/news/world-middle-east-67614911,2024-01-12 04:39:30
3,Huge galaxy ring challenges thinking on universe,/news/science-environment-67950749,2024-01-12 04:39:30
4,Swedish alarm after defence chiefs' war warning,/news/world-europe-67935464,2024-01-12 04:39:30
5,"Israel officials want Gaza destruction, court told",/news/world-middle-east-67942983,2024-01-12 04:39:30
6,Trump turns his legal battles into campaign spectacle,/news/world-us-canada-67953895,2024-01-12 04:39:30
7,Trump blasts judge as New York fraud trial nears end,/news/world-us-canada-67939251,2024-01-12 04:39:30
8,Harvard sued over 'rampant anti-Jewish hatred',/news/world-us-canada-67951434,2024-01-12 04:39:30
9,Iranian Navy seizes oil tanker near Oman,/news/world-middle-east-67948119,2024-01-12 04:39:30
10,Ecuador president defies gangs to take on the army,/news/world-latin-america-67944447,2024-01-12 04:39:30
