order_var,value,url,scrape_date
1,Iranian Navy seizes oil tanker near Oman,/news/world-middle-east-67948119,2024-01-11 20:26:32
2,"Israel officials want Gaza destruction, court told",/news/world-middle-east-67942983,2024-01-11 20:26:32
3,Swedish alarm after defence chiefs' war warning,/news/world-europe-67935464,2024-01-11 20:26:32
4,S African DJ Black Coffee injured during flight to gig,/news/world-africa-67920477,2024-01-11 20:26:32
5,Eight US deaths in Colombia linked to dating apps,/news/world-latin-america-67947333,2024-01-11 20:26:32
6,Ukraine MPs reject bid to crack down on draft dodgers,/news/world-europe-67949900,2024-01-11 20:26:32
7,US launches Boeing investigation after blowout,/news/business-67943988,2024-01-11 20:26:32
8,German far-right met to plan 'mass deportations',/news/world-europe-67948861,2024-01-11 20:26:32
9,Ecuador president defies gangs to take on the army,/news/world-latin-america-67944447,2024-01-11 20:26:32
10,Huge ancient city found in the Amazon,/news/science-environment-67940671,2024-01-11 20:26:32
