order_var,value,url,scrape_date
1,US and UK repel largest Houthi attack in Red Sea,/news/world-middle-east-67932725,2024-01-10 17:53:38
2,Shock as Hunter Biden attends House contempt hearing,/news/world-us-canada-67938591,2024-01-10 17:53:38
3,The Taiwan that China wants is vanishing,/news/world-asia-67920287,2024-01-10 17:53:38
4,Young Austrian heiress reveals €25m giveaway plan,/news/world-europe-67935463,2024-01-10 17:53:38
5,Polish police arrest MPs in presidential palace,/news/world-europe-67929549,2024-01-10 17:53:38
6,Illegal New York synagogue tunnel leads to 9 arrests,/news/world-us-canada-67938683,2024-01-10 17:53:38
7,How Ecuador descended into gang violence,/news/world-latin-america-67912242,2024-01-10 17:53:38
8,TV and film actor Adan Canto dies of cancer at 42,/news/entertainment-arts-67932741,2024-01-10 17:53:38
9,UN helicopter and crew seized by Somali Islamists,/news/world-africa-67934609,2024-01-10 17:53:38
10,Parents of Grand Canyon crash victim to get £79m,/news/uk-67931332,2024-01-10 17:53:38
