order_var,value,url,scrape_date
1,Swedish alarm after defence chiefs' war warning,/news/world-europe-67935464,2024-01-11 04:56:08
2,Christie exits 2024 race with parting shot at Trump,/news/world-us-canada-67942038,2024-01-11 04:56:08
3,US and UK hint at action after largest Red Sea attack,/news/world-middle-east-67932725,2024-01-11 04:56:08
4,Young Austrian heiress reveals €25m giveaway plan,/news/world-europe-67935463,2024-01-11 04:56:08
5,Illegal New York synagogue tunnel leads to 9 arrests,/news/world-us-canada-67938683,2024-01-11 04:56:08
6,Aaron Rodgers will no longer appear on ESPN show,/news/world-us-canada-67918711,2024-01-11 04:56:08
7,Streets empty as Ecuador reels from violence,/news/world-latin-america-67938285,2024-01-11 04:56:08
8,Trump cannot speak at civil fraud trial - judge,/news/world-us-canada-67941527,2024-01-11 04:56:08
9,Hard choices for the West in Red Sea stand-off,/news/world-middle-east-67938290,2024-01-11 04:56:08
10,At least eight dead after Papua New Guinea rioting,/news/world-asia-67942289,2024-01-11 04:56:08
