order_var,value,url,scrape_date
1,Huge ancient city found in the Amazon,/news/science-environment-67940671,2024-01-11 23:40:12
2,Trump's fraud trial ends with heated exchange with judge,/news/world-us-canada-67939251,2024-01-11 23:40:12
3,Iranian Navy seizes oil tanker near Oman,/news/world-middle-east-67948119,2024-01-11 23:40:12
4,"Israel officials want Gaza destruction, court told",/news/world-middle-east-67942983,2024-01-11 23:40:12
5,Swedish alarm after defence chiefs' war warning,/news/world-europe-67935464,2024-01-11 23:40:12
6,Ecuador president defies gangs to take on the army,/news/world-latin-america-67944447,2024-01-11 23:40:12
7,Harvard sued over 'rampant anti-Jewish hatred',/news/world-us-canada-67951434,2024-01-11 23:40:12
8,Ukraine MPs reject bid to crack down on draft dodgers,/news/world-europe-67949900,2024-01-11 23:40:12
9,Hunter Biden pleads not guilty to nine tax charges,/news/world-us-canada-67929679,2024-01-11 23:40:12
10,Eight US deaths in Colombia linked to dating apps,/news/world-latin-america-67947333,2024-01-11 23:40:12
