order_var,value,url,scrape_date
1,Iranian Navy seizes oil tanker near Oman,/news/world-middle-east-67948119,2024-01-11 19:14:07
2,"Israel officials want Gaza destruction, court told",/news/world-middle-east-67942983,2024-01-11 19:14:07
3,Swedish alarm after defence chiefs' war warning,/news/world-europe-67935464,2024-01-11 19:14:07
4,FKA twigs responds to Calvin Klein advert ban,/news/newsbeat-67938624,2024-01-11 19:14:07
5,S African DJ Black Coffee injured during flight to gig,/news/world-africa-67920477,2024-01-11 19:14:07
6,Legendary coach Belichick to leave Patriots,/sport/american-football/67948937,2024-01-11 19:14:07
7,Eight US deaths in Colombia linked to dating apps,/news/world-latin-america-67947333,2024-01-11 19:14:07
8,German far-right met to plan 'mass deportations',/news/world-europe-67948861,2024-01-11 19:14:07
9,Ecuador president defies gangs to take on the army,/news/world-latin-america-67944447,2024-01-11 19:14:07
10,Seized UN helicopter hit by object in Somalia - source,/news/world-africa-67947763,2024-01-11 19:14:07
