order_var,value,url,scrape_date
1,The Taiwan that China wants is vanishing,/news/world-asia-67920287,2024-01-10 16:48:21
2,Ecuador declares war on gangs after TV attack,/news/world-latin-america-67930452,2024-01-10 16:48:21
3,US and UK repel largest Houthi attack in Red Sea,/news/world-middle-east-67932725,2024-01-10 16:48:21
4,TV and film actor Adan Canto dies of cancer at 42,/news/entertainment-arts-67932741,2024-01-10 16:48:21
5,Parents of Grand Canyon crash victim to get £79m,/news/uk-67931332,2024-01-10 16:48:21
6,Polish police arrest MPs in presidential palace,/news/world-europe-67929549,2024-01-10 16:48:21
7,How Ecuador descended into gang violence,/news/world-latin-america-67912242,2024-01-10 16:48:21
8,US defence secretary kept cancer diagnosis secret,/news/world-us-canada-67929818,2024-01-10 16:48:21
9,Fifth and final batch of Epstein documents released,/news/world-us-canada-67930662,2024-01-10 16:48:21
10,Lauren Boebert's ex-husband arrested in Colorado,/news/world-us-canada-67932157,2024-01-10 16:48:21
