order_var,value,url,scrape_date
1,US and UK repel largest Houthi attack in Red Sea,/news/world-middle-east-67932725,2024-01-10 17:48:37
2,Shock as Hunter Biden attends House contempt hearing,/news/world-us-canada-67938591,2024-01-10 17:48:37
3,The Taiwan that China wants is vanishing,/news/world-asia-67920287,2024-01-10 17:48:37
4,Polish police arrest MPs in presidential palace,/news/world-europe-67929549,2024-01-10 17:48:37
5,Young Austrian heiress reveals €25m giveaway plan,/news/world-europe-67935463,2024-01-10 17:48:37
6,How Ecuador descended into gang violence,/news/world-latin-america-67912242,2024-01-10 17:48:37
7,TV and film actor Adan Canto dies of cancer at 42,/news/entertainment-arts-67932741,2024-01-10 17:48:37
8,UN helicopter and crew seized by Somali Islamists,/news/world-africa-67934609,2024-01-10 17:48:37
9,Parents of Grand Canyon crash victim to get £79m,/news/uk-67931332,2024-01-10 17:48:37
10,Melania Trump's mother Amalija Knavs dies at 78,/news/world-us-canada-67931534,2024-01-10 17:48:37
