order_var,value,url,scrape_date
1,Iran seizes oil tanker near Oman - reports,/news/world-middle-east-67948119,2024-01-11 16:29:13
2,"Israel officials want Gaza destruction, court told",/news/world-middle-east-67942983,2024-01-11 16:29:13
3,FKA twigs responds to Calvin Klein advert ban,/news/newsbeat-67938624,2024-01-11 16:29:13
4,S African DJ Black Coffee injured during flight to gig,/news/world-africa-67920477,2024-01-11 16:29:13
5,Swedish alarm after defence chiefs' war warning,/news/world-europe-67935464,2024-01-11 16:29:13
6,Hard choices for the West in Red Sea stand-off,/news/world-middle-east-67938290,2024-01-11 16:29:13
7,Papua New Guinea hit by deadly riots and looting,/news/world-asia-67942289,2024-01-11 16:29:13
8,Eight US deaths in Colombia linked to dating apps,/news/world-latin-america-67947333,2024-01-11 16:29:13
9,Christie exits 2024 race with parting shot at Trump,/news/world-us-canada-67942038,2024-01-11 16:29:13
10,Finnish artists want Israel barred from Eurovision,/news/entertainment-arts-67941086,2024-01-11 16:29:13
