order_var,value,url,scrape_date
1,Swedish alarm after defence chiefs' war warning,/news/world-europe-67935464,2024-01-11 02:20:14
2,Christie exits 2024 race with parting shot at Trump,/news/world-us-canada-67942038,2024-01-11 02:20:14
3,US and UK hint at action after largest Red Sea attack,/news/world-middle-east-67932725,2024-01-11 02:20:14
4,Illegal New York synagogue tunnel leads to 9 arrests,/news/world-us-canada-67938683,2024-01-11 02:20:14
5,Finnish artists want Israel barred from Eurovision,/news/entertainment-arts-67941086,2024-01-11 02:20:14
6,Scientists crack mystery of how MS gene spread,/news/health-67917294,2024-01-11 02:20:14
7,Trump cannot speak at civil fraud trial - judge,/news/world-us-canada-67941527,2024-01-11 02:20:14
8,Streets empty as Ecuador reels from violence,/news/world-latin-america-67938285,2024-01-11 02:20:14
9,Young Austrian heiress reveals €25m giveaway plan,/news/world-europe-67935463,2024-01-11 02:20:14
10,UN helicopter and crew seized by Somali Islamists,/news/world-africa-67934609,2024-01-11 02:20:14
