order_var,value,url,scrape_date
1,Swedish alarm after defence chiefs' war warning,/news/world-europe-67935464,2024-01-11 00:14:40
2,Christie exits 2024 race with parting shot at Trump,/news/world-us-canada-67942038,2024-01-11 00:14:40
3,US and UK hint at action after largest Red Sea attack,/news/world-middle-east-67932725,2024-01-11 00:14:40
4,Illegal New York synagogue tunnel leads to 9 arrests,/news/world-us-canada-67938683,2024-01-11 00:14:40
5,Scientists crack mystery of how MS gene spread,/news/health-67917294,2024-01-11 00:14:40
6,Shock as Hunter Biden attends House contempt hearing,/news/world-us-canada-67938591,2024-01-11 00:14:40
7,Finnish artists want Israel barred from Eurovision,/news/entertainment-arts-67941086,2024-01-11 00:14:40
8,Trump cannot speak at civil fraud trial - judge,/news/world-us-canada-67941527,2024-01-11 00:14:40
9,Streets empty as Ecuador reels from violence,/news/world-latin-america-67938285,2024-01-11 00:14:40
10,Young Austrian heiress reveals €25m giveaway plan,/news/world-europe-67935463,2024-01-11 00:14:40
