order_var,value,url,scrape_date
1,"Israel officials want Gaza destruction, court told",/news/world-middle-east-67942983,2024-01-11 13:38:26
2,Swedish alarm after defence chiefs' war warning,/news/world-europe-67935464,2024-01-11 13:38:26
3,Christie exits 2024 race with parting shot at Trump,/news/world-us-canada-67942038,2024-01-11 13:38:26
4,The One Where They Find Friends Scripts in a Bin,/news/uk-england-beds-bucks-herts-67936304,2024-01-11 13:38:26
5,Five takeaways from the Haley-DeSantis debate,/news/world-us-canada-67942133,2024-01-11 13:38:26
6,US official says Boeing jets won't fly until safe,/news/business-67943988,2024-01-11 13:38:26
7,Papua New Guinea hit by deadly riots and looting,/news/world-asia-67942289,2024-01-11 13:38:26
8,Illegal New York synagogue tunnel leads to 9 arrests,/news/world-us-canada-67938683,2024-01-11 13:38:26
9,Finnish artists want Israel barred from Eurovision,/news/entertainment-arts-67941086,2024-01-11 13:38:26
10,Hard choices for the West in Red Sea stand-off,/news/world-middle-east-67938290,2024-01-11 13:38:26
