order_var,value,url,scrape_date
1,Swedish alarm after defence chiefs' war warning,/news/world-europe-67935464,2024-01-11 09:17:16
2,Christie exits 2024 race with parting shot at Trump,/news/world-us-canada-67942038,2024-01-11 09:17:16
3,Five takeaways from the Haley-DeSantis debate,/news/world-us-canada-67942133,2024-01-11 09:17:16
4,Friends scripts rescued from a bin up for auction,/news/uk-england-beds-bucks-herts-67936304,2024-01-11 09:17:16
5,UN court to hear genocide case against Israel,/news/world-middle-east-67942983,2024-01-11 09:17:16
6,Young Austrian heiress reveals €25m giveaway plan,/news/world-europe-67935463,2024-01-11 09:17:16
7,Illegal New York synagogue tunnel leads to 9 arrests,/news/world-us-canada-67938683,2024-01-11 09:17:16
8,US and UK hint at action after largest Red Sea attack,/news/world-middle-east-67932725,2024-01-11 09:17:16
9,Aaron Rodgers will no longer appear on ESPN show,/news/world-us-canada-67918711,2024-01-11 09:17:16
10,Royal Marine's stolen prosthetic legs found,/news/uk-england-london-67942831,2024-01-11 09:17:16
