order_var,value,url,scrape_date
1,Huge ancient city found in the Amazon,/news/science-environment-67940671,2024-01-11 22:10:43
2,"Israel officials want Gaza destruction, court told",/news/world-middle-east-67942983,2024-01-11 22:10:43
3,Iranian Navy seizes oil tanker near Oman,/news/world-middle-east-67948119,2024-01-11 22:10:43
4,Swedish alarm after defence chiefs' war warning,/news/world-europe-67935464,2024-01-11 22:10:43
5,Ukraine MPs reject bid to crack down on draft dodgers,/news/world-europe-67949900,2024-01-11 22:10:43
6,Eight US deaths in Colombia linked to dating apps,/news/world-latin-america-67947333,2024-01-11 22:10:43
7,Ecuador president defies gangs to take on the army,/news/world-latin-america-67944447,2024-01-11 22:10:43
8,S African DJ Black Coffee injured during flight to gig,/news/world-africa-67920477,2024-01-11 22:10:43
9,German far-right met to plan 'mass deportations',/news/world-europe-67948861,2024-01-11 22:10:43
10,Harvard sued over 'rampant anti-Jewish hatred',/news/world-us-canada-67951434,2024-01-11 22:10:43
