order_var,value,url,scrape_date
1,Swedish alarm after defence chiefs' war warning,/news/world-europe-67935464,2024-01-11 01:55:07
2,Christie exits 2024 race with parting shot at Trump,/news/world-us-canada-67942038,2024-01-11 01:55:07
3,Illegal New York synagogue tunnel leads to 9 arrests,/news/world-us-canada-67938683,2024-01-11 01:55:07
4,US and UK hint at action after largest Red Sea attack,/news/world-middle-east-67932725,2024-01-11 01:55:07
5,Finnish artists want Israel barred from Eurovision,/news/entertainment-arts-67941086,2024-01-11 01:55:07
6,Scientists crack mystery of how MS gene spread,/news/health-67917294,2024-01-11 01:55:07
7,Streets empty as Ecuador reels from violence,/news/world-latin-america-67938285,2024-01-11 01:55:07
8,Trump cannot speak at civil fraud trial - judge,/news/world-us-canada-67941527,2024-01-11 01:55:07
9,Young Austrian heiress reveals €25m giveaway plan,/news/world-europe-67935463,2024-01-11 01:55:07
10,Polish police arrest MPs in presidential palace,/news/world-europe-67929549,2024-01-11 01:55:07
