order_var,value,url,scrape_date
1,Iranian Navy seizes oil tanker near Oman,/news/world-middle-east-67948119,2024-01-11 20:21:22
2,"Israel officials want Gaza destruction, court told",/news/world-middle-east-67942983,2024-01-11 20:21:22
3,Swedish alarm after defence chiefs' war warning,/news/world-europe-67935464,2024-01-11 20:21:22
4,Eight US deaths in Colombia linked to dating apps,/news/world-latin-america-67947333,2024-01-11 20:21:22
5,German far-right met to plan 'mass deportations',/news/world-europe-67948861,2024-01-11 20:21:22
6,Ukraine MPs reject bid to crack down on draft dodgers,/news/world-europe-67949900,2024-01-11 20:21:22
7,US launches Boeing investigation after blowout,/news/business-67943988,2024-01-11 20:21:22
8,S African DJ Black Coffee injured during flight to gig,/news/world-africa-67920477,2024-01-11 20:21:22
9,FKA twigs responds to Calvin Klein advert ban,/news/newsbeat-67938624,2024-01-11 20:21:22
10,Ecuador president defies gangs to take on the army,/news/world-latin-america-67944447,2024-01-11 20:21:22
