order_var,value,url,scrape_date
1,Huge ancient city found in the Amazon,/news/science-environment-67940671,2024-01-12 04:24:02
2,Who are the Houthi rebels attacking Red Sea ships?,/news/world-middle-east-67614911,2024-01-12 04:24:02
3,Trump blasts judge as New York fraud trial nears end,/news/world-us-canada-67939251,2024-01-12 04:24:02
4,"Israel officials want Gaza destruction, court told",/news/world-middle-east-67942983,2024-01-12 04:24:02
5,Iranian Navy seizes oil tanker near Oman,/news/world-middle-east-67948119,2024-01-12 04:24:02
6,Swedish alarm after defence chiefs' war warning,/news/world-europe-67935464,2024-01-12 04:24:02
7,Ecuador president defies gangs to take on the army,/news/world-latin-america-67944447,2024-01-12 04:24:02
8,Huge galaxy ring challenges thinking on universe,/news/science-environment-67950749,2024-01-12 04:24:02
9,Harvard sued over 'rampant anti-Jewish hatred',/news/world-us-canada-67951434,2024-01-12 04:24:02
10,S African DJ Black Coffee injured during flight to gig,/news/world-africa-67920477,2024-01-12 04:24:02
