order_var,value,url,scrape_date
1,Huge ancient city found in the Amazon,/news/science-environment-67940671,2024-01-12 02:25:16
2,Trump blasts judge as New York fraud trial nears end,/news/world-us-canada-67939251,2024-01-12 02:25:16
3,Iranian Navy seizes oil tanker near Oman,/news/world-middle-east-67948119,2024-01-12 02:25:16
4,"Israel officials want Gaza destruction, court told",/news/world-middle-east-67942983,2024-01-12 02:25:16
5,Swedish alarm after defence chiefs' war warning,/news/world-europe-67935464,2024-01-12 02:25:16
6,Who are the Houthi rebels attacking Red Sea ships?,/news/world-middle-east-67614911,2024-01-12 02:25:16
7,Ecuador president defies gangs to take on the army,/news/world-latin-america-67944447,2024-01-12 02:25:16
8,Ukraine MPs reject bid to crack down on draft dodgers,/news/world-europe-67949900,2024-01-12 02:25:16
9,Harvard sued over 'rampant anti-Jewish hatred',/news/world-us-canada-67951434,2024-01-12 02:25:16
10,New York synagogue unstable after damage from tunnel,/news/world-us-canada-67947334,2024-01-12 02:25:16
