order_var,value,url,scrape_date
1,Christie drops out of Republican White House race,/news/world-us-canada-67942038,2024-01-10 23:39:29
2,US and UK hint at action after largest Red Sea attack,/news/world-middle-east-67932725,2024-01-10 23:39:29
3,Swedish alarm after defence chiefs' war warning,/news/world-europe-67935464,2024-01-10 23:39:29
4,Illegal New York synagogue tunnel leads to 9 arrests,/news/world-us-canada-67938683,2024-01-10 23:39:29
5,Shock as Hunter Biden attends House contempt hearing,/news/world-us-canada-67938591,2024-01-10 23:39:29
6,Scientists crack mystery of how MS gene spread,/news/health-67917294,2024-01-10 23:39:29
7,Streets empty as Ecuador reels from violence,/news/world-latin-america-67938285,2024-01-10 23:39:29
8,Young Austrian heiress reveals €25m giveaway plan,/news/world-europe-67935463,2024-01-10 23:39:29
9,Finnish artists want Israel barred from Eurovision,/news/entertainment-arts-67941086,2024-01-10 23:39:29
10,Polish police arrest MPs in presidential palace,/news/world-europe-67929549,2024-01-10 23:39:29
