order_var,value,url,scrape_date
1,Iran seizes oil tanker near Oman - reports,/news/world-middle-east-67948119,2024-01-11 16:19:10
2,"Israel officials want Gaza destruction, court told",/news/world-middle-east-67942983,2024-01-11 16:19:10
3,FKA twigs responds to Calvin Klein advert ban,/news/newsbeat-67938624,2024-01-11 16:19:10
4,S African DJ Black Coffee injured during flight to gig,/news/world-africa-67920477,2024-01-11 16:19:10
5,Swedish alarm after defence chiefs' war warning,/news/world-europe-67935464,2024-01-11 16:19:10
6,Hard choices for the West in Red Sea stand-off,/news/world-middle-east-67938290,2024-01-11 16:19:10
7,Papua New Guinea hit by deadly riots and looting,/news/world-asia-67942289,2024-01-11 16:19:10
8,Christie exits 2024 race with parting shot at Trump,/news/world-us-canada-67942038,2024-01-11 16:19:10
9,Five takeaways from the Haley-DeSantis debate,/news/world-us-canada-67942133,2024-01-11 16:19:10
10,Finnish artists want Israel barred from Eurovision,/news/entertainment-arts-67941086,2024-01-11 16:19:10
