order_var,value,url,scrape_date
1,Christie set to drop out of US presidential race,/news/world-us-canada-67942038,2024-01-10 23:27:27
2,US and UK hint at action after largest Red Sea attack,/news/world-middle-east-67932725,2024-01-10 23:27:27
3,Illegal New York synagogue tunnel leads to 9 arrests,/news/world-us-canada-67938683,2024-01-10 23:27:27
4,Shock as Hunter Biden attends House contempt hearing,/news/world-us-canada-67938591,2024-01-10 23:27:27
5,Scientists crack mystery of how MS gene spread,/news/health-67917294,2024-01-10 23:27:27
6,Streets empty as Ecuador reels from violence,/news/world-latin-america-67938285,2024-01-10 23:27:27
7,Polish police arrest MPs in presidential palace,/news/world-europe-67929549,2024-01-10 23:27:27
8,Young Austrian heiress reveals €25m giveaway plan,/news/world-europe-67935463,2024-01-10 23:27:27
9,Finnish artists want Israel barred from Eurovision,/news/entertainment-arts-67941086,2024-01-10 23:27:27
10,Haley and DeSantis face-off in Iowa Republican debate,/news/world-us-canada-67938594,2024-01-10 23:27:27
