order_var,value,url,scrape_date
1,Hunter Biden pleads not guilty to nine tax charges,/news/world-us-canada-67929679,2024-01-11 22:39:24
2,Huge ancient city found in the Amazon,/news/science-environment-67940671,2024-01-11 22:39:24
3,Iranian Navy seizes oil tanker near Oman,/news/world-middle-east-67948119,2024-01-11 22:39:24
4,"Israel officials want Gaza destruction, court told",/news/world-middle-east-67942983,2024-01-11 22:39:24
5,Swedish alarm after defence chiefs' war warning,/news/world-europe-67935464,2024-01-11 22:39:24
6,Ukraine MPs reject bid to crack down on draft dodgers,/news/world-europe-67949900,2024-01-11 22:39:24
7,Eight US deaths in Colombia linked to dating apps,/news/world-latin-america-67947333,2024-01-11 22:39:24
8,Ecuador president defies gangs to take on the army,/news/world-latin-america-67944447,2024-01-11 22:39:24
9,Harvard sued over 'rampant anti-Jewish hatred',/news/world-us-canada-67951434,2024-01-11 22:39:24
10,S African DJ Black Coffee injured during flight to gig,/news/world-africa-67920477,2024-01-11 22:39:24
