order_var,value,url,scrape_date
1,Huge galaxy ring challenges thinking on universe,/news/science-environment-67950749,2024-01-12 07:45:13
2,Huge ancient city found in the Amazon,/news/science-environment-67940671,2024-01-12 07:45:13
3,Who are the Houthi rebels attacking Red Sea ships?,/news/world-middle-east-67614911,2024-01-12 07:45:13
4,Can Nikki Haley really stop Donald Trump in 2024?,/news/world-us-canada-67948573,2024-01-12 07:45:13
5,Trump turns his legal battles into campaign spectacle,/news/world-us-canada-67953895,2024-01-12 07:45:13
6,Iranian Navy seizes oil tanker near Oman,/news/world-middle-east-67948119,2024-01-12 07:45:13
7,Ukraine MPs reject bid to crack down on draft dodgers,/news/world-europe-67949900,2024-01-12 07:45:13
8,"Israel officials want Gaza destruction, court told",/news/world-middle-east-67942983,2024-01-12 07:45:13
9,German far-right met to plan 'mass deportations',/news/world-europe-67948861,2024-01-12 07:45:13
10,Swedish alarm after defence chiefs' war warning,/news/world-europe-67935464,2024-01-12 07:45:13
