order_var,value,url,scrape_date
1,Swedish alarm after defence chiefs' war warning,/news/world-europe-67935464,2024-01-11 10:42:38
2,UN court hears genocide case against Israel,/news/world-middle-east-67942983,2024-01-11 10:42:38
3,Christie exits 2024 race with parting shot at Trump,/news/world-us-canada-67942038,2024-01-11 10:42:38
4,Friends scripts rescued from a bin up for auction,/news/uk-england-beds-bucks-herts-67936304,2024-01-11 10:42:38
5,Illegal New York synagogue tunnel leads to 9 arrests,/news/world-us-canada-67938683,2024-01-11 10:42:38
6,Five takeaways from the Haley-DeSantis debate,/news/world-us-canada-67942133,2024-01-11 10:42:38
7,Young Austrian heiress reveals €25m giveaway plan,/news/world-europe-67935463,2024-01-11 10:42:38
8,"Russian missiles wreck Kharkiv hotel, Ukraine says",/news/world-europe-67942020,2024-01-11 10:42:38
9,Finnish artists want Israel barred from Eurovision,/news/entertainment-arts-67941086,2024-01-11 10:42:38
10,US and UK hint at action after largest Red Sea attack,/news/world-middle-east-67932725,2024-01-11 10:42:38
