order_var,value,url,scrape_date
1,Huge ancient city found in the Amazon,/news/science-environment-67940671,2024-01-12 03:53:05
2,Who are the Houthi rebels attacking Red Sea ships?,/news/world-middle-east-67614911,2024-01-12 03:53:05
3,Trump blasts judge as New York fraud trial nears end,/news/world-us-canada-67939251,2024-01-12 03:53:05
4,Iranian Navy seizes oil tanker near Oman,/news/world-middle-east-67948119,2024-01-12 03:53:05
5,"Israel officials want Gaza destruction, court told",/news/world-middle-east-67942983,2024-01-12 03:53:05
6,Swedish alarm after defence chiefs' war warning,/news/world-europe-67935464,2024-01-12 03:53:05
7,Harvard sued over 'rampant anti-Jewish hatred',/news/world-us-canada-67951434,2024-01-12 03:53:05
8,Ecuador president defies gangs to take on the army,/news/world-latin-america-67944447,2024-01-12 03:53:05
9,New York synagogue unstable after damage from tunnel,/news/world-us-canada-67947334,2024-01-12 03:53:05
10,Ukraine MPs reject bid to crack down on draft dodgers,/news/world-europe-67949900,2024-01-12 03:53:05
