order_var,value,url,scrape_date
1,Swedish alarm after defence chiefs' war warning,/news/world-europe-67935464,2024-01-11 03:55:52
2,Christie exits 2024 race with parting shot at Trump,/news/world-us-canada-67942038,2024-01-11 03:55:52
3,US and UK hint at action after largest Red Sea attack,/news/world-middle-east-67932725,2024-01-11 03:55:52
4,Illegal New York synagogue tunnel leads to 9 arrests,/news/world-us-canada-67938683,2024-01-11 03:55:52
5,Young Austrian heiress reveals €25m giveaway plan,/news/world-europe-67935463,2024-01-11 03:55:52
6,Streets empty as Ecuador reels from violence,/news/world-latin-america-67938285,2024-01-11 03:55:52
7,Trump cannot speak at civil fraud trial - judge,/news/world-us-canada-67941527,2024-01-11 03:55:52
8,Aaron Rodgers will no longer appear on ESPN show,/news/world-us-canada-67918711,2024-01-11 03:55:52
9,Scientists crack mystery of how MS gene spread,/news/health-67917294,2024-01-11 03:55:52
10,Finnish artists want Israel barred from Eurovision,/news/entertainment-arts-67941086,2024-01-11 03:55:52
