order_var,value,url,scrape_date
1,"Israel officials want Gaza destruction, court told",/news/world-middle-east-67942983,2024-01-11 15:28:56
2,S African DJ Black Coffee injured during flight to gig,/news/world-africa-67920477,2024-01-11 15:28:56
3,Swedish alarm after defence chiefs' war warning,/news/world-europe-67935464,2024-01-11 15:28:56
4,The One Where They Find Friends Scripts in a Bin,/news/uk-england-beds-bucks-herts-67936304,2024-01-11 15:28:56
5,Hard choices for the West in Red Sea stand-off,/news/world-middle-east-67938290,2024-01-11 15:28:56
6,Papua New Guinea hit by deadly riots and looting,/news/world-asia-67942289,2024-01-11 15:28:56
7,US official says Boeing jets won't fly until safe,/news/business-67943988,2024-01-11 15:28:56
8,Five takeaways from the Haley-DeSantis debate,/news/world-us-canada-67942133,2024-01-11 15:28:56
9,Christie exits 2024 race with parting shot at Trump,/news/world-us-canada-67942038,2024-01-11 15:28:56
10,Finnish artists want Israel barred from Eurovision,/news/entertainment-arts-67941086,2024-01-11 15:28:56
