order_var,value,url,scrape_date
1,The Taiwan that China wants is vanishing,/news/world-asia-67920287,2024-01-10 17:23:30
2,Ecuador declares war on gangs after TV attack,/news/world-latin-america-67930452,2024-01-10 17:23:30
3,Polish police arrest MPs in presidential palace,/news/world-europe-67929549,2024-01-10 17:23:30
4,US and UK repel largest Houthi attack in Red Sea,/news/world-middle-east-67932725,2024-01-10 17:23:30
5,TV and film actor Adan Canto dies of cancer at 42,/news/entertainment-arts-67932741,2024-01-10 17:23:30
6,How Ecuador descended into gang violence,/news/world-latin-america-67912242,2024-01-10 17:23:30
7,Young Austrian heiress reveals €25m giveaway plan,/news/world-europe-67935463,2024-01-10 17:23:30
8,Parents of Grand Canyon crash victim to get £79m,/news/uk-67931332,2024-01-10 17:23:30
9,Lauren Boebert's ex-husband arrested in Colorado,/news/world-us-canada-67932157,2024-01-10 17:23:30
10,Melania Trump's mother Amalija Knavs dies at 78,/news/world-us-canada-67931534,2024-01-10 17:23:30
