order_var,value,url,scrape_date
1,Iran seizes oil tanker near Oman - reports,/news/world-middle-east-67948119,2024-01-11 17:36:16
2,"Israel officials want Gaza destruction, court told",/news/world-middle-east-67942983,2024-01-11 17:36:16
3,FKA twigs responds to Calvin Klein advert ban,/news/newsbeat-67938624,2024-01-11 17:36:16
4,Swedish alarm after defence chiefs' war warning,/news/world-europe-67935464,2024-01-11 17:36:16
5,S African DJ Black Coffee injured during flight to gig,/news/world-africa-67920477,2024-01-11 17:36:16
6,German far-right met to plan 'mass deportations',/news/world-europe-67948861,2024-01-11 17:36:16
7,Hard choices for the West in Red Sea stand-off,/news/world-middle-east-67938290,2024-01-11 17:36:16
8,Eight US deaths in Colombia linked to dating apps,/news/world-latin-america-67947333,2024-01-11 17:36:16
9,Papua New Guinea hit by deadly riots and looting,/news/world-asia-67942289,2024-01-11 17:36:16
10,Finnish artists want Israel barred from Eurovision,/news/entertainment-arts-67941086,2024-01-11 17:36:16
