order_var,value,url,scrape_date
1,US and UK repel largest Houthi attack in Red Sea,/news/world-middle-east-67932725,2024-01-10 18:38:50
2,Illegal New York synagogue tunnel leads to 9 arrests,/news/world-us-canada-67938683,2024-01-10 18:38:50
3,Shock as Hunter Biden attends House contempt hearing,/news/world-us-canada-67938591,2024-01-10 18:38:50
4,Polish police arrest MPs in presidential palace,/news/world-europe-67929549,2024-01-10 18:38:50
5,The Taiwan that China wants is vanishing,/news/world-asia-67920287,2024-01-10 18:38:50
6,Oppenheimer leads SAG nominations but Leo snubbed,/news/entertainment-arts-67936612,2024-01-10 18:38:50
7,Young Austrian heiress reveals €25m giveaway plan,/news/world-europe-67935463,2024-01-10 18:38:50
8,TV and film actor Adan Canto dies of cancer at 42,/news/entertainment-arts-67932741,2024-01-10 18:38:50
9,How Ecuador descended into gang violence,/news/world-latin-america-67912242,2024-01-10 18:38:50
10,Parents of Grand Canyon crash victim to get £79m,/news/uk-67931332,2024-01-10 18:38:50
