order_var,value,url,scrape_date
1,Swedish alarm after defence chiefs' war warning,/news/world-europe-67935464,2024-01-11 00:09:39
2,Christie drops out of Republican White House race,/news/world-us-canada-67942038,2024-01-11 00:09:39
3,US and UK hint at action after largest Red Sea attack,/news/world-middle-east-67932725,2024-01-11 00:09:39
4,Illegal New York synagogue tunnel leads to 9 arrests,/news/world-us-canada-67938683,2024-01-11 00:09:39
5,Scientists crack mystery of how MS gene spread,/news/health-67917294,2024-01-11 00:09:39
6,Shock as Hunter Biden attends House contempt hearing,/news/world-us-canada-67938591,2024-01-11 00:09:39
7,Finnish artists want Israel barred from Eurovision,/news/entertainment-arts-67941086,2024-01-11 00:09:39
8,Young Austrian heiress reveals €25m giveaway plan,/news/world-europe-67935463,2024-01-11 00:09:39
9,Streets empty as Ecuador reels from violence,/news/world-latin-america-67938285,2024-01-11 00:09:39
10,Haley and DeSantis to face off in Iowa debate,/news/world-us-canada-67938594,2024-01-11 00:09:39
