order_var,value,url,scrape_date
1,Ecuador declares war on gangs after TV attack,/news/world-latin-america-67930452,2024-01-10 14:35:43
2,TV and film actor Adan Canto dies of cancer at 42,/news/entertainment-arts-67932741,2024-01-10 14:35:43
3,US and UK repel largest Houthi attack in Red Sea,/news/world-middle-east-67932725,2024-01-10 14:35:43
4,Parents of Grand Canyon crash victim to get £79m,/news/uk-67931332,2024-01-10 14:35:43
5,US defence secretary kept cancer diagnosis secret,/news/world-us-canada-67929818,2024-01-10 14:35:43
6,Lauren Boebert's ex-husband arrested in Colorado,/news/world-us-canada-67932157,2024-01-10 14:35:43
7,Fifth and final batch of Epstein documents released,/news/world-us-canada-67930662,2024-01-10 14:35:43
8,How TB Joshua’s whistle-blowing daughter took on 'Daddy',/news/world-africa-67923906,2024-01-10 14:35:43
9,Boeing admits mistake over plane door blow-out,/news/business-67930977,2024-01-10 14:35:43
10,Melania Trump's mother Amalija Knavs dies at 78,/news/world-us-canada-67931534,2024-01-10 14:35:43
