order_var,value,url,scrape_date
1,RFK Jr apologises to family over Super Bowl ad,/news/world-us-canada-68275635,2024-02-12 19:10:45
2,What we know about Texas megachurch shooting,/news/world-us-canada-68277166,2024-02-12 19:10:45
3,Monty Python star working at 80 for financial reasons,/news/entertainment-arts-68246210,2024-02-12 19:10:45
4,Marathon record holder Kiptum dies in car accident,/news/world-africa-68270866,2024-02-12 19:10:45
5,Israel rescues two hostages in Rafah amid deadly strikes,/news/world-middle-east-68271340,2024-02-12 19:10:45
6,"Back in hospital, Pentagon chief cancels Nato trip",/news/world-us-canada-68278651,2024-02-12 19:10:45
7,Taylor Swift celebrates boyfriend Kelce's NFL win,/news/world-us-canada-68269413,2024-02-12 19:10:45
8,Dutch court halts F-35 jet parts exports to Israel,/news/world-europe-68272233,2024-02-12 19:10:45
9,What now in Pakistan after Khan vote surprise?,/news/world-asia-68271462,2024-02-12 19:10:45
10,Eight arrests over deadly narco-boat chase in Spain,/news/world-europe-68273448,2024-02-12 19:10:45
