order_var,value,url,scrape_date
1,Marathon record holder Kiptum dies in car accident,/news/world-africa-68270866,2024-02-12 13:19:11
2,Monty Python star working at 80 for financial reasons,/news/entertainment-arts-68246210,2024-02-12 13:19:11
3,Taylor Swift celebrates boyfriend Kelce's NFL win,/news/world-us-canada-68269413,2024-02-12 13:19:11
4,Inside Ukraine's struggle to find new men to fight,/news/world-europe-68255490,2024-02-12 13:19:11
5,Israel rescues two hostages in Rafah amid deadly strikes,/news/world-middle-east-68271340,2024-02-12 13:19:11
6,What now in Pakistan after Khan vote surprise?,/news/world-asia-68271462,2024-02-12 13:19:11
7,Usher shines at Super Bowl half-time show,/news/entertainment-arts-68270826,2024-02-12 13:19:11
8,Xi Jinping's never-ending hunt for corruption,/news/world-asia-china-68213161,2024-02-12 13:19:11
9,Conservative ex-PM Stubb elected Finland president,/news/world-europe-68270804,2024-02-12 13:19:11
10,Austin transfers duties as he returns to hospital again,/news/world-us-canada-68270748,2024-02-12 13:19:11
