order_var,value,url,scrape_date
1,US Senate passes $95bn support package for allies,/news/world-us-canada-68284380,2024-02-13 15:30:56
2,Super Bowl most watched US show since Moon landing,/news/entertainment-arts-68282519,2024-02-13 15:30:56
3,Trump endorses daughter-in-law for RNC leadership,/news/world-us-canada-68255431,2024-02-13 15:30:56
4,Four Armenians killed in new border flare-up,/news/world-europe-68283041,2024-02-13 15:30:56
5,Why US economy is powering ahead of Europe's,/news/world-us-canada-68203820,2024-02-13 15:30:56
6,10 things we spotted in the Oscars class photo,/news/entertainment-arts-68282189,2024-02-13 15:30:56
7,UK chip designer Arm sees shares almost double,/news/business-68281047,2024-02-13 15:30:56
8,What does Taylor mania mean for the globe?,/news/world-australia-68271324,2024-02-13 15:30:56
9,Why the race to replace George Santos matters,/news/world-us-canada-68280588,2024-02-13 15:30:56
10,Gaza ceasefire talks resume as Rafah under fire,/news/world-middle-east-68284819,2024-02-13 15:30:56
