order_var,value,url,scrape_date
1,Swiss shock at Davos sign saying no skis for Jews,/news/world-europe-68283043,2024-02-13 21:19:24
2,Radio 2 presenter Steve Wright dies aged 69,/news/entertainment-arts-68287707,2024-02-13 21:19:24
3,10 things we spotted in the Oscars class photo,/news/entertainment-arts-68282189,2024-02-13 21:19:24
4,Uphill battle for $95bn foreign aid bill in US House,/news/world-us-canada-68284380,2024-02-13 21:19:24
5,Super Bowl most watched US show since Moon landing,/news/entertainment-arts-68282519,2024-02-13 21:19:24
6,Imran Khan's rivals reach deal to form government,/news/world-asia-68287508,2024-02-13 21:19:24
7,Five things about Harry and Meghan's brand revamp,/news/uk-68283125,2024-02-13 21:19:24
8,Germany unveils measures to tackle far-right surge,/news/world-europe-68285305,2024-02-13 21:19:24
9,Gaza ceasefire talks resume as Rafah under fire,/news/world-middle-east-68284819,2024-02-13 21:19:24
10,Polar bears face starvation threat as ice melts,/news/science-environment-68253819,2024-02-13 21:19:24
