order_var,value,url,scrape_date
1,US House votes to impeach homeland security chief,/news/world-us-canada-68286641,2024-02-14 02:30:05
2,Amazon founder Bezos sells shares worth over $4bn,/news/business-68277678,2024-02-14 02:30:05
3,UN warns attack on Rafah could lead to 'slaughter',/news/world-middle-east-68287513,2024-02-14 02:30:05
4,Biden slams Trump criticism of Nato as 'shameful',/news/world-us-canada-68286645,2024-02-14 02:30:05
5,Five things about Harry and Meghan's brand revamp,/news/uk-68283125,2024-02-14 02:30:05
6,Cash and villas for footballers after Afcon triumph,/news/world-africa-68286543,2024-02-14 02:30:05
7,Imran Khan's rivals reach deal to form government,/news/world-asia-68287508,2024-02-14 02:30:05
8,10 things we spotted in the Oscars class photo,/news/entertainment-arts-68282189,2024-02-14 02:30:05
9,Radio 2 presenter Steve Wright dies aged 69,/news/entertainment-arts-68287707,2024-02-14 02:30:05
10,Swiss shock at Davos sign saying no skis for Jews,/news/world-europe-68283043,2024-02-14 02:30:05
