order_var,value,url,scrape_date
1,Swiss shock at Davos sign saying no skis for Jews,/news/world-europe-68283043,2024-02-14 01:33:20
2,UN warns attack on Rafah could lead to 'slaughter',/news/world-middle-east-68287513,2024-02-14 01:33:20
3,Five things about Harry and Meghan's brand revamp,/news/uk-68283125,2024-02-14 01:33:20
4,Biden slams Trump criticism of Nato as 'shameful',/news/world-us-canada-68286645,2024-02-14 01:33:20
5,Radio 2 presenter Steve Wright dies aged 69,/news/entertainment-arts-68287707,2024-02-14 01:33:20
6,10 things we spotted in the Oscars class photo,/news/entertainment-arts-68282189,2024-02-14 01:33:20
7,Imran Khan's rivals reach deal to form government,/news/world-asia-68287508,2024-02-14 01:33:20
8,Cash and villas for footballers after Afcon triumph,/news/world-africa-68286543,2024-02-14 01:33:20
9,Germany unveils measures to tackle far-right surge,/news/world-europe-68285305,2024-02-14 01:33:20
10,"AI fake nearly led to serious disorder, says Khan",/news/uk-68146053,2024-02-14 01:33:20
