order_var,value,url,scrape_date
1,Swiss shock at Davos sign saying no skis for Jews,/news/world-europe-68283043,2024-02-13 23:23:57
2,10 things we spotted in the Oscars class photo,/news/entertainment-arts-68282189,2024-02-13 23:23:57
3,Radio 2 presenter Steve Wright dies aged 69,/news/entertainment-arts-68287707,2024-02-13 23:23:57
4,Five things about Harry and Meghan's brand revamp,/news/uk-68283125,2024-02-13 23:23:57
5,"Israeli attack on Rafah could lead to slaughter, UN warns",/news/world-middle-east-68287513,2024-02-13 23:23:57
6,Biden slams Trump criticism of Nato as 'shameful',/news/world-us-canada-68286645,2024-02-13 23:23:57
7,Super Bowl most watched US show since Moon landing,/news/entertainment-arts-68282519,2024-02-13 23:23:57
8,Uphill battle for $95bn foreign aid bill in US House,/news/world-us-canada-68284380,2024-02-13 23:23:57
9,Imran Khan's rivals reach deal to form government,/news/world-asia-68287508,2024-02-13 23:23:57
10,Germany unveils measures to tackle far-right surge,/news/world-europe-68285305,2024-02-13 23:23:57
