order_var,value,url,scrape_date
1,Taylor Swift celebrates boyfriend Kelce's NFL win,/news/world-us-canada-68269413,2024-02-12 10:24:05
2,Marathon record holder Kiptum dies in car accident,/news/world-africa-68270866,2024-02-12 10:24:05
3,Usher shines at Super Bowl half-time show,/news/entertainment-arts-68270826,2024-02-12 10:24:05
4,Inside Ukraine's struggle to find new men to fight,/news/world-europe-68255490,2024-02-12 10:24:05
5,What now in Pakistan after Khan vote surprise?,/news/world-asia-68271462,2024-02-12 10:24:05
6,Austin transfers duties as he returns to hospital again,/news/world-us-canada-68270748,2024-02-12 10:24:05
7,Xi Jinping's never-ending hunt for corruption,/news/world-asia-china-68213161,2024-02-12 10:24:05
8,Chiefs beat 49ers in overtime to defend Super Bowl title,/sport/american-football/68145318,2024-02-12 10:24:05
9,Nato says Trump comments 'undermine all of our security',/news/world-us-canada-68269354,2024-02-12 10:24:05
10,Conservative ex-PM Stubb elected Finland president,/news/world-europe-68270804,2024-02-12 10:24:05
