order_var,value,url,scrape_date
1,Marathon record holder Kiptum dies in car accident,/news/world-africa-68270866,2024-02-12 12:33:59
2,Taylor Swift celebrates boyfriend Kelce's NFL win,/news/world-us-canada-68269413,2024-02-12 12:33:59
3,Inside Ukraine's struggle to find new men to fight,/news/world-europe-68255490,2024-02-12 12:33:59
4,What now in Pakistan after Khan vote surprise?,/news/world-asia-68271462,2024-02-12 12:33:59
5,Usher shines at Super Bowl half-time show,/news/entertainment-arts-68270826,2024-02-12 12:33:59
6,Israel rescues two hostages in Rafah amid deadly strikes,/news/world-middle-east-68271340,2024-02-12 12:33:59
7,Xi Jinping's never-ending hunt for corruption,/news/world-asia-china-68213161,2024-02-12 12:33:59
8,Nato says Trump comments 'undermine all of our security',/news/world-us-canada-68269354,2024-02-12 12:33:59
9,Austin transfers duties as he returns to hospital again,/news/world-us-canada-68270748,2024-02-12 12:33:59
10,"Wegovy, the weight-loss drug flying off the shelves",/news/business-68226369,2024-02-12 12:33:59
