order_var,value,url,scrape_date
1,RFK Jr apologises to family over Super Bowl ad,/news/world-us-canada-68275635,2024-02-13 02:27:16
2,Trump seeks Supreme Court pause in 2020 election case,/news/world-us-canada-68277167,2024-02-13 02:27:16
3,Europe 'needs a decade to build up arms stocks',/news/world-europe-68273449,2024-02-13 02:27:16
4,Armed woman killed in shootout at Texas megachurch,/news/world-us-canada-68277166,2024-02-13 02:27:16
5,Israel to act on soldier misconduct after BBC investigation,/news/world-middle-east-68277124,2024-02-13 02:27:16
6,Monty Python star working at 80 for financial reasons,/news/entertainment-arts-68246210,2024-02-13 02:27:16
7,How Vogue got 40 world-famous women in one place,/news/newsbeat-68273126,2024-02-13 02:27:16
8,Palestinians sheltering in Rafah fear Israeli offensive,/news/world-middle-east-68276216,2024-02-13 02:27:16
9,Taylor Swift celebrates boyfriend Kelce's NFL win,/news/world-us-canada-68269413,2024-02-13 02:27:16
10,Marathon record holder Kiptum dies in car accident,/news/world-africa-68270866,2024-02-13 02:27:16
