order_var,value,url,scrape_date
1,Taylor Swift celebrates boyfriend Kelce's NFL win,/news/world-us-canada-68269413,2024-02-12 11:48:47
2,Marathon record holder Kiptum dies in car accident,/news/world-africa-68270866,2024-02-12 11:48:47
3,Inside Ukraine's struggle to find new men to fight,/news/world-europe-68255490,2024-02-12 11:48:47
4,What now in Pakistan after Khan vote surprise?,/news/world-asia-68271462,2024-02-12 11:48:47
5,Usher shines at Super Bowl half-time show,/news/entertainment-arts-68270826,2024-02-12 11:48:47
6,Xi Jinping's never-ending hunt for corruption,/news/world-asia-china-68213161,2024-02-12 11:48:47
7,Austin transfers duties as he returns to hospital again,/news/world-us-canada-68270748,2024-02-12 11:48:47
8,Nato says Trump comments 'undermine all of our security',/news/world-us-canada-68269354,2024-02-12 11:48:47
9,Conservative ex-PM Stubb elected Finland president,/news/world-europe-68270804,2024-02-12 11:48:47
10,"Wegovy, the weight-loss drug flying off the shelves",/news/business-68226369,2024-02-12 11:48:47
