order_var,value,url,scrape_date
1,Radio 2 presenter Steve Wright dies aged 69,/news/entertainment-arts-68287707,2024-02-13 18:24:45
2,Swiss shock at Davos sign saying no skis for Jews,/news/world-europe-68283043,2024-02-13 18:24:45
3,Uphill battle for $95bn foreign aid bill in US House,/news/world-us-canada-68284380,2024-02-13 18:24:45
4,10 things we spotted in the Oscars class photo,/news/entertainment-arts-68282189,2024-02-13 18:24:45
5,Five things about Harry and Meghan's brand revamp,/news/uk-68283125,2024-02-13 18:24:45
6,Super Bowl most watched US show since Moon landing,/news/entertainment-arts-68282519,2024-02-13 18:24:45
7,Gaza ceasefire talks resume as Rafah under fire,/news/world-middle-east-68284819,2024-02-13 18:24:45
8,Polar bears face starvation threat as ice melts,/news/science-environment-68253819,2024-02-13 18:24:45
9,Why US economy is powering ahead of Europe's,/news/world-us-canada-68203820,2024-02-13 18:24:45
10,Trump endorses daughter-in-law for RNC leadership,/news/world-us-canada-68255431,2024-02-13 18:24:45
