order_var,value,url,scrape_date
1,Trump endorses daughter-in-law for RNC leadership,/news/world-us-canada-68255431,2024-02-13 12:04:55
2,Armed woman killed in shootout at Texas megachurch,/news/world-us-canada-68277166,2024-02-13 12:04:55
3,Trump seeks Supreme Court pause in 2020 election case,/news/world-us-canada-68277167,2024-02-13 12:04:55
4,RFK Jr apologises to family over Super Bowl ad,/news/world-us-canada-68275635,2024-02-13 12:04:55
5,What does Taylor mania mean for the globe?,/news/world-australia-68271324,2024-02-13 12:04:55
6,How Vogue got 40 world-famous women in one place,/news/newsbeat-68273126,2024-02-13 12:04:55
7,Why US economy is powering ahead of Europe's,/news/world-us-canada-68203820,2024-02-13 12:04:55
8,'Pirate of the seas' in big decline after bird flu,/news/science-environment-68276680,2024-02-13 12:04:55
9,Biden says Israel must protect vulnerable in Rafah,/news/world-middle-east-68281213,2024-02-13 12:04:55
10,Tear gas fired as farmers march on fortress Delhi,/news/world-asia-india-68271356,2024-02-13 12:04:55
