order_var,value,url,scrape_date
1,RFK Jr apologises to family over Super Bowl ad,/news/world-us-canada-68275635,2024-02-13 04:15:26
2,Armed woman killed in shootout at Texas megachurch,/news/world-us-canada-68277166,2024-02-13 04:15:26
3,Trump seeks Supreme Court pause in 2020 election case,/news/world-us-canada-68277167,2024-02-13 04:15:26
4,Trump endorses daughter-in-law for RNC leadership,/news/world-us-canada-68255431,2024-02-13 04:15:26
5,Europe 'needs a decade to build up arms stocks',/news/world-europe-68273449,2024-02-13 04:15:26
6,Palestinians sheltering in Rafah fear Israeli offensive,/news/world-middle-east-68276216,2024-02-13 04:15:26
7,How Vogue got 40 world-famous women in one place,/news/newsbeat-68273126,2024-02-13 04:15:26
8,Israel to act on soldier misconduct after BBC investigation,/news/world-middle-east-68277124,2024-02-13 04:15:26
9,'Pirate of the seas' in big decline after bird flu,/news/science-environment-68276680,2024-02-13 04:15:26
10,Monty Python star working at 80 for financial reasons,/news/entertainment-arts-68246210,2024-02-13 04:15:26
