order_var,value,url,scrape_date
1,US Senate passes $95bn support package for allies,/news/world-us-canada-68284380,2024-02-13 14:45:45
2,Super Bowl most watched US show since Moon landing,/news/entertainment-arts-68282519,2024-02-13 14:45:45
3,Trump endorses daughter-in-law for RNC leadership,/news/world-us-canada-68255431,2024-02-13 14:45:45
4,Why US economy is powering ahead of Europe's,/news/world-us-canada-68203820,2024-02-13 14:45:45
5,Four Armenians killed in new border flare-up,/news/world-europe-68283041,2024-02-13 14:45:45
6,Katy Perry to leave American Idol,/news/entertainment-arts-68282815,2024-02-13 14:45:45
7,10 things we spotted in the Oscars class photo,/news/entertainment-arts-68282189,2024-02-13 14:45:45
8,UK chip designer Arm sees shares almost double,/news/business-68281047,2024-02-13 14:45:45
9,What does Taylor mania mean for the globe?,/news/world-australia-68271324,2024-02-13 14:45:45
10,Tear gas fired as farmers march on fortress Delhi,/news/world-asia-india-68271356,2024-02-13 14:45:45
