order_var,value,url,scrape_date
1,US House votes to impeach homeland security chief,/news/world-us-canada-68286641,2024-02-14 02:45:33
2,Amazon founder Bezos sells shares worth over $4bn,/news/business-68277678,2024-02-14 02:45:33
3,UN warns attack on Rafah could lead to 'slaughter',/news/world-middle-east-68287513,2024-02-14 02:45:33
4,Biden slams Trump criticism of Nato as 'shameful',/news/world-us-canada-68286645,2024-02-14 02:45:33
5,Cash and villas for footballers after Afcon triumph,/news/world-africa-68286543,2024-02-14 02:45:33
6,Radio 2 presenter Steve Wright dies aged 69,/news/entertainment-arts-68287707,2024-02-14 02:45:33
7,10 things we spotted in the Oscars class photo,/news/entertainment-arts-68282189,2024-02-14 02:45:33
8,Five things about Harry and Meghan's brand revamp,/news/uk-68283125,2024-02-14 02:45:33
9,"AI fake nearly led to serious disorder, says Khan",/news/uk-68146053,2024-02-14 02:45:33
10,Imran Khan's rivals reach deal to form government,/news/world-asia-68287508,2024-02-14 02:45:33
