order_var,value,url,scrape_date
1,RFK Jr apologises to family over Super Bowl ad,/news/world-us-canada-68275635,2024-02-12 23:05:15
2,Europe 'needs a decade to build up arms stocks',/news/world-europe-68273449,2024-02-12 23:05:15
3,Armed woman killed in shootout at Texas megachurch,/news/world-us-canada-68277166,2024-02-12 23:05:15
4,How Vogue got 40 world-famous women in one place,/news/newsbeat-68273126,2024-02-12 23:05:15
5,What we know about Israel's Rafah hostage rescue raid,/news/world-middle-east-68276452,2024-02-12 23:05:15
6,Monty Python star working at 80 for financial reasons,/news/entertainment-arts-68246210,2024-02-12 23:05:15
7,Taylor Swift celebrates boyfriend Kelce's NFL win,/news/world-us-canada-68269413,2024-02-12 23:05:15
8,Palestinians sheltering in Rafah fear Israeli offensive,/news/world-middle-east-68276216,2024-02-12 23:05:15
9,Marathon record holder Kiptum dies in car accident,/news/world-africa-68270866,2024-02-12 23:05:15
10,Austin cancels Nato trip after hospital admission,/news/world-us-canada-68278651,2024-02-12 23:05:15
