order_var,value,url,scrape_date
1,RFK Jr apologises to family over Super Bowl ad,/news/world-us-canada-68275635,2024-02-12 20:41:15
2,Europe 'needs a decade to build up arms stocks',/news/world-europe-68273449,2024-02-12 20:41:15
3,What we know about Texas megachurch shooting,/news/world-us-canada-68277166,2024-02-12 20:41:15
4,What we know about Israel's Rafah hostage rescue raid,/news/world-middle-east-68276452,2024-02-12 20:41:15
5,Monty Python star working at 80 for financial reasons,/news/entertainment-arts-68246210,2024-02-12 20:41:15
6,Marathon record holder Kiptum dies in car accident,/news/world-africa-68270866,2024-02-12 20:41:15
7,Taylor Swift celebrates boyfriend Kelce's NFL win,/news/world-us-canada-68269413,2024-02-12 20:41:15
8,How Vogue got 40 world-famous women in one place,/news/newsbeat-68273126,2024-02-12 20:41:15
9,Austin cancels Nato trip after hospital admission,/news/world-us-canada-68278651,2024-02-12 20:41:15
10,Dutch court halts F-35 jet parts exports to Israel,/news/world-europe-68272233,2024-02-12 20:41:15
