order_var,value,url,scrape_date
1,US Senate passes $95bn support package for allies,/news/world-us-canada-68284380,2024-02-13 14:55:47
2,Super Bowl most watched US show since Moon landing,/news/entertainment-arts-68282519,2024-02-13 14:55:47
3,Trump endorses daughter-in-law for RNC leadership,/news/world-us-canada-68255431,2024-02-13 14:55:47
4,Four Armenians killed in new border flare-up,/news/world-europe-68283041,2024-02-13 14:55:47
5,Why US economy is powering ahead of Europe's,/news/world-us-canada-68203820,2024-02-13 14:55:47
6,10 things we spotted in the Oscars class photo,/news/entertainment-arts-68282189,2024-02-13 14:55:47
7,Katy Perry to leave American Idol,/news/entertainment-arts-68282815,2024-02-13 14:55:47
8,UK chip designer Arm sees shares almost double,/news/business-68281047,2024-02-13 14:55:47
9,What does Taylor mania mean for the globe?,/news/world-australia-68271324,2024-02-13 14:55:47
10,The Body Shop goes into administration in the UK,/news/business-68273424,2024-02-13 14:55:47
