order_var,value,url,scrape_date
1,US Senate passes $95bn support package for allies,/news/world-us-canada-68284380,2024-02-13 14:10:34
2,Super Bowl most watched US show since Moon landing,/news/entertainment-arts-68282519,2024-02-13 14:10:34
3,Trump endorses daughter-in-law for RNC leadership,/news/world-us-canada-68255431,2024-02-13 14:10:34
4,Why US economy is powering ahead of Europe's,/news/world-us-canada-68203820,2024-02-13 14:10:34
5,UK chip designer Arm sees shares almost double,/news/business-68281047,2024-02-13 14:10:34
6,Katy Perry to leave American Idol,/news/entertainment-arts-68282815,2024-02-13 14:10:34
7,What does Taylor mania mean for the globe?,/news/world-australia-68271324,2024-02-13 14:10:34
8,Four Armenians killed in new border flare-up,/news/world-europe-68283041,2024-02-13 14:10:34
9,Armed woman killed in shootout at Texas megachurch,/news/world-us-canada-68277166,2024-02-13 14:10:34
10,10 things we spotted in the Oscars class photo,/news/entertainment-arts-68282189,2024-02-13 14:10:34
