order_var,value,url,scrape_date
1,Monty Python star working at 80 for financial reasons,/news/entertainment-arts-68246210,2024-02-12 16:25:01
2,Marathon record holder Kiptum dies in car accident,/news/world-africa-68270866,2024-02-12 16:25:01
3,Dutch court halts F-35 jet parts exports to Israel,/news/world-europe-68272233,2024-02-12 16:25:01
4,Israel rescues two hostages in Rafah amid deadly strikes,/news/world-middle-east-68271340,2024-02-12 16:25:01
5,Taylor Swift celebrates boyfriend Kelce's NFL win,/news/world-us-canada-68269413,2024-02-12 16:25:01
6,What now in Pakistan after Khan vote surprise?,/news/world-asia-68271462,2024-02-12 16:25:01
7,Eight arrests over deadly narco-boat chase in Spain,/news/world-europe-68273448,2024-02-12 16:25:01
8,'Lol hey guys' - Biden campaign joins TikTok,/news/world-us-canada-68275634,2024-02-12 16:25:01
9,Usher shines at Super Bowl half-time show,/news/entertainment-arts-68270826,2024-02-12 16:25:01
10,Man sentenced to death for Iranian director's murder,/news/world-middle-east-68274112,2024-02-12 16:25:01
