order_var,value,url,scrape_date
1,Swiss shock at Davos sign saying no skis for Jews,/news/world-europe-68283043,2024-02-13 18:09:21
2,Uphill battle for $95bn foreign aid bill in US House,/news/world-us-canada-68284380,2024-02-13 18:09:21
3,10 things we spotted in the Oscars class photo,/news/entertainment-arts-68282189,2024-02-13 18:09:21
4,Five things about Harry and Meghan's brand revamp,/news/uk-68283125,2024-02-13 18:09:21
5,Super Bowl most watched US show since Moon landing,/news/entertainment-arts-68282519,2024-02-13 18:09:21
6,Gaza ceasefire talks resume as Rafah under fire,/news/world-middle-east-68284819,2024-02-13 18:09:21
7,Polar bears face starvation threat as ice melts,/news/science-environment-68253819,2024-02-13 18:09:21
8,Why US economy is powering ahead of Europe's,/news/world-us-canada-68203820,2024-02-13 18:09:21
9,Trump endorses daughter-in-law for RNC leadership,/news/world-us-canada-68255431,2024-02-13 18:09:21
10,Why the race to replace George Santos matters,/news/world-us-canada-68280588,2024-02-13 18:09:21
