order_var,value,url,scrape_date
1,RFK Jr apologises to family over Super Bowl ad,/news/world-us-canada-68275635,2024-02-13 00:13:24
2,Trump asks top court to freeze election interference case,/news/world-us-canada-68277167,2024-02-13 00:13:24
3,Europe 'needs a decade to build up arms stocks',/news/world-europe-68273449,2024-02-13 00:13:24
4,Armed woman killed in shootout at Texas megachurch,/news/world-us-canada-68277166,2024-02-13 00:13:24
5,How Vogue got 40 world-famous women in one place,/news/newsbeat-68273126,2024-02-13 00:13:24
6,Israel to act on soldier misconduct after BBC investigation,/news/world-middle-east-68277124,2024-02-13 00:13:24
7,What we know about Israel's Rafah hostage rescue raid,/news/world-middle-east-68276452,2024-02-13 00:13:24
8,Monty Python star working at 80 for financial reasons,/news/entertainment-arts-68246210,2024-02-13 00:13:24
9,Taylor Swift celebrates boyfriend Kelce's NFL win,/news/world-us-canada-68269413,2024-02-13 00:13:24
10,Palestinians sheltering in Rafah fear Israeli offensive,/news/world-middle-east-68276216,2024-02-13 00:13:24
