order_var,value,url,scrape_date
1,Monty Python star working at 80 for financial reasons,/news/entertainment-arts-68246210,2024-02-12 17:55:24
2,Marathon record holder Kiptum dies in car accident,/news/world-africa-68270866,2024-02-12 17:55:24
3,Taylor Swift celebrates boyfriend Kelce's NFL win,/news/world-us-canada-68269413,2024-02-12 17:55:24
4,Israel rescues two hostages in Rafah amid deadly strikes,/news/world-middle-east-68271340,2024-02-12 17:55:24
5,Dutch court halts F-35 jet parts exports to Israel,/news/world-europe-68272233,2024-02-12 17:55:24
6,What now in Pakistan after Khan vote surprise?,/news/world-asia-68271462,2024-02-12 17:55:24
7,What we know about Texas megachurch shooting,/news/world-us-canada-68277166,2024-02-12 17:55:24
8,'Lol hey guys' - Biden campaign joins TikTok,/news/world-us-canada-68275634,2024-02-12 17:55:24
9,Eight arrests over deadly narco-boat chase in Spain,/news/world-europe-68273448,2024-02-12 17:55:24
10,Usher shines at Super Bowl half-time show,/news/entertainment-arts-68270826,2024-02-12 17:55:24
