order_var,value,url,scrape_date
1,Trump endorses daughter-in-law for RNC leadership,/news/world-us-canada-68255431,2024-02-13 12:14:58
2,Super Bowl most watched US show since Moon landing,/news/entertainment-arts-68282519,2024-02-13 12:14:58
3,Armed woman killed in shootout at Texas megachurch,/news/world-us-canada-68277166,2024-02-13 12:14:58
4,Trump seeks Supreme Court pause in 2020 election case,/news/world-us-canada-68277167,2024-02-13 12:14:58
5,RFK Jr apologises to family over Super Bowl ad,/news/world-us-canada-68275635,2024-02-13 12:14:58
6,Biden says Israel must protect vulnerable in Rafah,/news/world-middle-east-68281213,2024-02-13 12:14:58
7,How Vogue got 40 world-famous women in one place,/news/newsbeat-68273126,2024-02-13 12:14:58
8,Why US economy is powering ahead of Europe's,/news/world-us-canada-68203820,2024-02-13 12:14:58
9,'Pirate of the seas' in big decline after bird flu,/news/science-environment-68276680,2024-02-13 12:14:58
10,What does Taylor mania mean for the globe?,/news/world-australia-68271324,2024-02-13 12:14:58
