order_var,value,url,scrape_date
1,US Senate passes $95bn support package for allies,/news/world-us-canada-68284380,2024-02-13 14:00:32
2,Super Bowl most watched US show since Moon landing,/news/entertainment-arts-68282519,2024-02-13 14:00:32
3,Trump endorses daughter-in-law for RNC leadership,/news/world-us-canada-68255431,2024-02-13 14:00:32
4,Armed woman killed in shootout at Texas megachurch,/news/world-us-canada-68277166,2024-02-13 14:00:32
5,RFK Jr apologises to family over Super Bowl ad,/news/world-us-canada-68275635,2024-02-13 14:00:32
6,Why US economy is powering ahead of Europe's,/news/world-us-canada-68203820,2024-02-13 14:00:32
7,Trump seeks Supreme Court pause in 2020 election case,/news/world-us-canada-68277167,2024-02-13 14:00:32
8,How Vogue got 40 world-famous women in one place,/news/newsbeat-68273126,2024-02-13 14:00:32
9,What does Taylor mania mean for the globe?,/news/world-australia-68271324,2024-02-13 14:00:32
10,UK chip designer Arm sees shares almost double,/news/business-68281047,2024-02-13 14:00:32
