order_var,value,url,scrape_date
1,Super Bowl most watched US show since Moon landing,/news/entertainment-arts-68282519,2024-02-13 12:45:10
2,Trump endorses daughter-in-law for RNC leadership,/news/world-us-canada-68255431,2024-02-13 12:45:10
3,Armed woman killed in shootout at Texas megachurch,/news/world-us-canada-68277166,2024-02-13 12:45:10
4,Trump seeks Supreme Court pause in 2020 election case,/news/world-us-canada-68277167,2024-02-13 12:45:10
5,RFK Jr apologises to family over Super Bowl ad,/news/world-us-canada-68275635,2024-02-13 12:45:10
6,How Vogue got 40 world-famous women in one place,/news/newsbeat-68273126,2024-02-13 12:45:10
7,Biden says Israel must protect vulnerable in Rafah,/news/world-middle-east-68281213,2024-02-13 12:45:10
8,Why US economy is powering ahead of Europe's,/news/world-us-canada-68203820,2024-02-13 12:45:10
9,'Pirate of the seas' in big decline after bird flu,/news/science-environment-68276680,2024-02-13 12:45:10
10,Tear gas fired as farmers march on fortress Delhi,/news/world-asia-india-68271356,2024-02-13 12:45:10
