order_var,value,url,scrape_date
1,Swiss shock at Davos sign saying no skis for Jews,/news/world-europe-68283043,2024-02-14 00:41:39
2,"Israeli attack on Rafah could lead to slaughter, UN warns",/news/world-middle-east-68287513,2024-02-14 00:41:39
3,Five things about Harry and Meghan's brand revamp,/news/uk-68283125,2024-02-14 00:41:39
4,Biden slams Trump criticism of Nato as 'shameful',/news/world-us-canada-68286645,2024-02-14 00:41:39
5,Radio 2 presenter Steve Wright dies aged 69,/news/entertainment-arts-68287707,2024-02-14 00:41:39
6,10 things we spotted in the Oscars class photo,/news/entertainment-arts-68282189,2024-02-14 00:41:39
7,Imran Khan's rivals reach deal to form government,/news/world-asia-68287508,2024-02-14 00:41:39
8,Germany unveils measures to tackle far-right surge,/news/world-europe-68285305,2024-02-14 00:41:39
9,Cash and villas for footballers after Afcon triumph,/news/world-africa-68286543,2024-02-14 00:41:39
10,US winter storm brings heavy snow and travel chaos,/news/world-us-canada-68290289,2024-02-14 00:41:39
