order_var,value,url,scrape_date
1,Monty Python star working at 80 for financial reasons,/news/entertainment-arts-68246210,2024-02-12 15:14:42
2,Marathon record holder Kiptum dies in car accident,/news/world-africa-68270866,2024-02-12 15:14:42
3,Man sentenced to death for Iranian director's murder,/news/world-middle-east-68274112,2024-02-12 15:14:42
4,Taylor Swift celebrates boyfriend Kelce's NFL win,/news/world-us-canada-68269413,2024-02-12 15:14:42
5,Israel rescues two hostages in Rafah amid deadly strikes,/news/world-middle-east-68271340,2024-02-12 15:14:42
6,'Lol hey guys' - Biden campaign joins TikTok,/news/world-us-canada-68275634,2024-02-12 15:14:42
7,Dutch court halts F-35 jet parts exports to Israel,/news/world-europe-68272233,2024-02-12 15:14:42
8,Eight arrests over deadly narco-boat chase in Spain,/news/world-europe-68273448,2024-02-12 15:14:42
9,Usher shines at Super Bowl half-time show,/news/entertainment-arts-68270826,2024-02-12 15:14:42
10,Greece: Four dead in shooting at shipping company,/news/world-europe-68274756,2024-02-12 15:14:42
