order_var,value,url,scrape_date
1,RFK Jr apologises to family over Super Bowl ad,/news/world-us-canada-68275635,2024-02-12 20:00:59
2,What we know about Texas megachurch shooting,/news/world-us-canada-68277166,2024-02-12 20:00:59
3,Marathon record holder Kiptum dies in car accident,/news/world-africa-68270866,2024-02-12 20:00:59
4,What we know about Israel's Rafah hostage rescue raid,/news/world-middle-east-68276452,2024-02-12 20:00:59
5,Monty Python star working at 80 for financial reasons,/news/entertainment-arts-68246210,2024-02-12 20:00:59
6,Taylor Swift celebrates boyfriend Kelce's NFL win,/news/world-us-canada-68269413,2024-02-12 20:00:59
7,What now in Pakistan after Khan vote surprise?,/news/world-asia-68271462,2024-02-12 20:00:59
8,How Vogue got 40 world-famous women in one place,/news/newsbeat-68273126,2024-02-12 20:00:59
9,Europe 'needs a decade to build up arms stocks',/news/world-europe-68273449,2024-02-12 20:00:59
10,Austin cancels Nato trip after hospital admission,/news/world-us-canada-68278651,2024-02-12 20:00:59
