order_var,value,url,scrape_date
1,RFK Jr apologises to family over Super Bowl ad,/news/world-us-canada-68275635,2024-02-12 23:10:45
2,Trump takes immunity challenge to US Supreme Court,/news/world-us-canada-68277167,2024-02-12 23:10:45
3,Europe 'needs a decade to build up arms stocks',/news/world-europe-68273449,2024-02-12 23:10:45
4,How Vogue got 40 world-famous women in one place,/news/newsbeat-68273126,2024-02-12 23:10:45
5,Armed woman killed in shootout at Texas megachurch,/news/world-us-canada-68277166,2024-02-12 23:10:45
6,Monty Python star working at 80 for financial reasons,/news/entertainment-arts-68246210,2024-02-12 23:10:45
7,What we know about Israel's Rafah hostage rescue raid,/news/world-middle-east-68276452,2024-02-12 23:10:45
8,Taylor Swift celebrates boyfriend Kelce's NFL win,/news/world-us-canada-68269413,2024-02-12 23:10:45
9,Palestinians sheltering in Rafah fear Israeli offensive,/news/world-middle-east-68276216,2024-02-12 23:10:45
10,Marathon record holder Kiptum dies in car accident,/news/world-africa-68270866,2024-02-12 23:10:45
