order_var,value,url,scrape_date
1,RFK Jr apologises to family over Super Bowl ad,/news/world-us-canada-68275635,2024-02-13 05:32:44
2,Armed woman killed in shootout at Texas megachurch,/news/world-us-canada-68277166,2024-02-13 05:32:44
3,Trump endorses daughter-in-law for RNC leadership,/news/world-us-canada-68255431,2024-02-13 05:32:44
4,Trump seeks Supreme Court pause in 2020 election case,/news/world-us-canada-68277167,2024-02-13 05:32:44
5,Palestinians sheltering in Rafah fear Israeli offensive,/news/world-middle-east-68276216,2024-02-13 05:32:44
6,How Vogue got 40 world-famous women in one place,/news/newsbeat-68273126,2024-02-13 05:32:44
7,'Pirate of the seas' in big decline after bird flu,/news/science-environment-68276680,2024-02-13 05:32:44
8,Europe 'needs a decade to build up arms stocks',/news/world-europe-68273449,2024-02-13 05:32:44
9,Monty Python star working at 80 for financial reasons,/news/entertainment-arts-68246210,2024-02-13 05:32:44
10,UK chip designer Arm sees shares almost double,/news/business-68281047,2024-02-13 05:32:44
