order_var,value,url,scrape_date
1,Monty Python star working at 80 for financial reasons,/news/entertainment-arts-68246210,2024-02-12 15:29:46
2,Marathon record holder Kiptum dies in car accident,/news/world-africa-68270866,2024-02-12 15:29:46
3,Israel rescues two hostages in Rafah amid deadly strikes,/news/world-middle-east-68271340,2024-02-12 15:29:46
4,Taylor Swift celebrates boyfriend Kelce's NFL win,/news/world-us-canada-68269413,2024-02-12 15:29:46
5,Dutch court halts F-35 jet parts exports to Israel,/news/world-europe-68272233,2024-02-12 15:29:46
6,'Lol hey guys' - Biden campaign joins TikTok,/news/world-us-canada-68275634,2024-02-12 15:29:46
7,Eight arrests over deadly narco-boat chase in Spain,/news/world-europe-68273448,2024-02-12 15:29:46
8,What now in Pakistan after Khan vote surprise?,/news/world-asia-68271462,2024-02-12 15:29:46
9,Usher shines at Super Bowl half-time show,/news/entertainment-arts-68270826,2024-02-12 15:29:46
10,Man sentenced to death for Iranian director's murder,/news/world-middle-east-68274112,2024-02-12 15:29:46
