order_var,value,url,scrape_date
1,Swiss shock at Davos sign saying no skis for Jews,/news/world-europe-68283043,2024-02-13 17:23:13
2,Uphill battle for $95bn foreign aid bill in US House,/news/world-us-canada-68284380,2024-02-13 17:23:13
3,Five things about Harry and Meghan's brand revamp,/news/uk-68283125,2024-02-13 17:23:13
4,10 things we spotted in the Oscars class photo,/news/entertainment-arts-68282189,2024-02-13 17:23:13
5,Super Bowl most watched US show since Moon landing,/news/entertainment-arts-68282519,2024-02-13 17:23:13
6,Why US economy is powering ahead of Europe's,/news/world-us-canada-68203820,2024-02-13 17:23:13
7,Severe weather batters Australian state of Victoria,/news/world-australia-68281756,2024-02-13 17:23:13
8,Trump endorses daughter-in-law for RNC leadership,/news/world-us-canada-68255431,2024-02-13 17:23:13
9,Why the race to replace George Santos matters,/news/world-us-canada-68280588,2024-02-13 17:23:13
10,Pregnant woman among dozens massacred in Ethiopia,/news/world-africa-68283799,2024-02-13 17:23:13
