order_var,value,url,scrape_date
1,Monty Python star working at 80 for financial reasons,/news/entertainment-arts-68246210,2024-02-12 14:44:34
2,Marathon record holder Kiptum dies in car accident,/news/world-africa-68270866,2024-02-12 14:44:34
3,Man sentenced to death for Iranian director's murder,/news/world-middle-east-68274112,2024-02-12 14:44:34
4,Taylor Swift celebrates boyfriend Kelce's NFL win,/news/world-us-canada-68269413,2024-02-12 14:44:34
5,Israel rescues two hostages in Rafah amid deadly strikes,/news/world-middle-east-68271340,2024-02-12 14:44:34
6,Usher shines at Super Bowl half-time show,/news/entertainment-arts-68270826,2024-02-12 14:44:34
7,What now in Pakistan after Khan vote surprise?,/news/world-asia-68271462,2024-02-12 14:44:34
8,Xi Jinping's never-ending hunt for corruption,/news/world-asia-china-68213161,2024-02-12 14:44:34
9,Greece: Four dead in shooting at shipping company,/news/world-europe-68274756,2024-02-12 14:44:34
10,Inside Ukraine's struggle to find new men to fight,/news/world-europe-68255490,2024-02-12 14:44:34
