order_var,value,url,scrape_date
1,US Senate passes $95bn support package for allies,/news/world-us-canada-68284380,2024-02-13 13:45:27
2,Super Bowl most watched US show since Moon landing,/news/entertainment-arts-68282519,2024-02-13 13:45:27
3,Trump endorses daughter-in-law for RNC leadership,/news/world-us-canada-68255431,2024-02-13 13:45:27
4,Armed woman killed in shootout at Texas megachurch,/news/world-us-canada-68277166,2024-02-13 13:45:27
5,RFK Jr apologises to family over Super Bowl ad,/news/world-us-canada-68275635,2024-02-13 13:45:27
6,Trump seeks Supreme Court pause in 2020 election case,/news/world-us-canada-68277167,2024-02-13 13:45:27
7,Why US economy is powering ahead of Europe's,/news/world-us-canada-68203820,2024-02-13 13:45:27
8,How Vogue got 40 world-famous women in one place,/news/newsbeat-68273126,2024-02-13 13:45:27
9,What does Taylor mania mean for the globe?,/news/world-australia-68271324,2024-02-13 13:45:27
10,Biden says Israel must protect vulnerable in Rafah,/news/world-middle-east-68281213,2024-02-13 13:45:27
