order_var,value,url,scrape_date
1,US Senate passes $95bn support package for allies,/news/world-us-canada-68284380,2024-02-13 15:20:54
2,Super Bowl most watched US show since Moon landing,/news/entertainment-arts-68282519,2024-02-13 15:20:54
3,Trump endorses daughter-in-law for RNC leadership,/news/world-us-canada-68255431,2024-02-13 15:20:54
4,Four Armenians killed in new border flare-up,/news/world-europe-68283041,2024-02-13 15:20:54
5,Why US economy is powering ahead of Europe's,/news/world-us-canada-68203820,2024-02-13 15:20:54
6,10 things we spotted in the Oscars class photo,/news/entertainment-arts-68282189,2024-02-13 15:20:54
7,Body shop UK jobs at risk in scramble to save firm,/news/business-68273424,2024-02-13 15:20:54
8,UK chip designer Arm sees shares almost double,/news/business-68281047,2024-02-13 15:20:54
9,What does Taylor mania mean for the globe?,/news/world-australia-68271324,2024-02-13 15:20:54
10,Why the race to replace George Santos matters,/news/world-us-canada-68280588,2024-02-13 15:20:54
