order_var,value,url,scrape_date
1,Senate approves $95bn package for Ukraine and allies,/news/world-us-canada-68284380,2024-02-13 16:57:24
2,Five things about Harry and Meghan's brand revamp,/news/uk-68283125,2024-02-13 16:57:24
3,10 things we spotted in the Oscars class photo,/news/entertainment-arts-68282189,2024-02-13 16:57:24
4,Super Bowl most watched US show since Moon landing,/news/entertainment-arts-68282519,2024-02-13 16:57:24
5,Why US economy is powering ahead of Europe's,/news/world-us-canada-68203820,2024-02-13 16:57:24
6,Severe weather batters Australian state of Victoria,/news/world-australia-68281756,2024-02-13 16:57:24
7,Trump endorses daughter-in-law for RNC leadership,/news/world-us-canada-68255431,2024-02-13 16:57:24
8,Why the race to replace George Santos matters,/news/world-us-canada-68280588,2024-02-13 16:57:24
9,Pregnant woman among dozens massacred in Ethiopia,/news/world-africa-68283799,2024-02-13 16:57:24
10,Swiss shock at Davos sign saying no skis for Jews,/news/world-europe-68283043,2024-02-13 16:57:24
