order,value,url,scrape_date
1,UK to deploy Royal Navy ships to support Israel,,2023-10-12 19:50:50
2,France bans all pro-Palestinian demonstrations,,2023-10-12 19:50:50
3,Ex-soldier fought off Hamas and saved kibbutz neighbours,,2023-10-12 19:50:50
4,Airliner escorted to Stansted over security fears,,2023-10-12 19:50:50
5,Bernie Ecclestone pleads guilty to fraud,,2023-10-12 19:50:50
6,US House paralysed as Scalise scrambles for votes,,2023-10-12 19:50:50
7,Syria says Israeli missiles hit its main airports,,2023-10-12 19:50:50
8,Wife of deposed Gabon President Bongo detained,,2023-10-12 19:50:50
9,IOC suspends Russian Olympic Committee,,2023-10-12 19:50:50
10,Gaza hospitals risk turning into morgues - Red Cross,,2023-10-12 19:50:50
