order,value,url,scrape_date
1,BBC journalists held at gunpoint by Israeli police,,2023-10-14 08:16:43
2,"'Oh god, they're here': Hamas massacre captured on Israeli mothers' WhatsApp group",,2023-10-14 08:16:43
3,Michael Caine confirms he has retired from acting,,2023-10-14 08:16:43
4,Trump-backed Jim Jordan chosen as Speaker nominee,,2023-10-14 08:16:43
5,France raises security level after school attack,,2023-10-14 08:16:43
6,"Kenya, China and a railway to nowhere",,2023-10-14 08:16:43
7,Bank boss warns world facing 'most dangerous time',,2023-10-14 08:16:43
8,Treacherous ground for US politicians on Israel-Gaza,,2023-10-14 08:16:43
9,Rosenberg: Putin ready to benefit from Israel-Gaza war,,2023-10-14 08:16:43
10,Could an Israeli ground invasion of Gaza meet its aims?,,2023-10-14 08:16:43
