order,value,url,scrape_date
1,BBC journalists held at gunpoint by Israeli police,,2023-10-14 13:52:06
2,Flintoff agrees compensation over Top Gear crash,,2023-10-14 13:52:06
3,National party claims victory in NZ election,,2023-10-14 13:52:06
4,Rosenberg: Putin ready to benefit from Israel-Gaza war,,2023-10-14 13:52:06
5,"'Oh god, they're here': Hamas massacre captured on Israeli mothers' WhatsApp group",,2023-10-14 13:52:06
6,"Kenya, China and a railway to nowhere",,2023-10-14 13:52:06
7,Treacherous ground for US politicians on Israel-Gaza,,2023-10-14 13:52:06
8,Gaza Strip in maps: What it's like for the people that live there,,2023-10-14 13:52:06
9,Could an Israeli ground invasion of Gaza meet its aims?,,2023-10-14 13:52:06
10,Michael Caine confirms he has retired from acting,,2023-10-14 13:52:06
