order,value,url,scrape_date
1,Who's behind Israel-Gaza disinformation and hate online?,,2023-10-15 11:10:11
2,Children among dead as convoy hit on Gaza evacuation route,,2023-10-15 11:10:11
3,Madonna's Celebration tour is a family affair,,2023-10-15 11:10:11
4,'I'm totally helpless' - husband of new mother missing after Hamas attacks,,2023-10-15 11:10:11
5,Australia rejects historic Indigenous referendum,,2023-10-15 11:10:11
6,Bank boss warns world facing 'most dangerous time',,2023-10-15 11:10:11
7,US actress Piper Laurie dies at 91,,2023-10-15 11:10:11
8,Afghanistan hit by third earthquake in a week,,2023-10-15 11:10:11
9,The volunteers giving dignity to Israel’s dead,,2023-10-15 11:10:11
10,Thousands march in UK pro-Palestinian protests,,2023-10-15 11:10:11
