order,value,url,scrape_date
1,"'Oh god, they’re here’: Hamas massacre captured on Israeli mothers’ WhatsApp group",,2023-10-13 19:12:20
2,Teacher killed in France school stabbing,,2023-10-13 19:12:20
3,Rosenberg: Putin ready to benefit from Israel-Gaza war,,2023-10-13 19:12:20
4,Father saves daughter he hadn’t seen for six years from massacre,,2023-10-13 19:12:20
5,How would an Israeli ground assault on Gaza unfold?,,2023-10-13 19:12:20
6,Pro-Palestinian demo broken up after French ban,,2023-10-13 19:12:20
7,Israel targets Hamas’s labyrinth of tunnels under Gaza,,2023-10-13 19:12:20
8,Russia to build nuclear plant in Burkina Faso,,2023-10-13 19:12:20
9,Three ways US Republican Speaker chaos ends,,2023-10-13 19:12:20
10,Australia set to vote in nation-defining referendum,,2023-10-13 19:12:20
