order,value,url,scrape_date
1,"'Oh god, they’re here’: Hamas massacre captured on Israeli mothers’ WhatsApp group",,2023-10-14 00:27:17
2,Rosenberg: Putin ready to benefit from Israel-Gaza war,,2023-10-14 00:27:17
3,Trump-backed Jim Jordan chosen as Speaker nominee,,2023-10-14 00:27:17
4,France raises security level after school attack,,2023-10-14 00:27:17
5,Flintoff agrees compensation over Top Gear crash,,2023-10-14 00:27:17
6,Critics say Scherzinger 'dazzles' in West End,,2023-10-14 00:27:17
7,Bank boss warns world facing 'most dangerous time',,2023-10-14 00:27:17
8,Father saves daughter he hadn’t seen for six years from massacre,,2023-10-14 00:27:17
9,How would an Israeli ground assault on Gaza unfold?,,2023-10-14 00:27:17
10,Israel targets Hamas’s labyrinth of tunnels under Gaza,,2023-10-14 00:27:17
