order,value,url,scrape_date
1,France raises security level after school attack,,2023-10-13 20:55:23
2,"'Oh god, they’re here’: Hamas massacre captured on Israeli mothers’ WhatsApp group",,2023-10-13 20:55:23
3,Teacher killed in France school stabbing,,2023-10-13 20:55:23
4,Critics say Scherzinger 'dazzles' in West End,,2023-10-13 20:55:23
5,Rosenberg: Putin ready to benefit from Israel-Gaza war,,2023-10-13 20:55:23
6,Father saves daughter he hadn’t seen for six years from massacre,,2023-10-13 20:55:23
7,Pro-Palestinian demo broken up after French ban,,2023-10-13 20:55:23
8,Israel targets Hamas’s labyrinth of tunnels under Gaza,,2023-10-13 20:55:23
9,How would an Israeli ground assault on Gaza unfold?,,2023-10-13 20:55:23
10,Three ways US Republican Speaker chaos ends,,2023-10-13 20:55:23
