order,value,url,scrape_date
1,"'Oh god, they’re here’: Hamas massacre captured on Israeli mothers’ WhatsApp group",,2023-10-13 19:58:42
2,Rosenberg: Putin ready to benefit from Israel-Gaza war,,2023-10-13 19:58:42
3,Teacher killed in France school stabbing,,2023-10-13 19:58:42
4,Critics say Scherzinger 'dazzles' in West End,,2023-10-13 19:58:42
5,Father saves daughter he hadn’t seen for six years from massacre,,2023-10-13 19:58:42
6,How would an Israeli ground assault on Gaza unfold?,,2023-10-13 19:58:42
7,Pro-Palestinian demo broken up after French ban,,2023-10-13 19:58:42
8,Israel targets Hamas’s labyrinth of tunnels under Gaza,,2023-10-13 19:58:42
9,Russia to build nuclear plant in Burkina Faso,,2023-10-13 19:58:42
10,Three ways US Republican Speaker chaos ends,,2023-10-13 19:58:42
