order,value,url,scrape_date
1,"'Oh god, they’re here’: Hamas massacre captured on Israeli mothers’ WhatsApp group",,2023-10-14 00:22:07
2,Rosenberg: Putin ready to benefit from Israel-Gaza war,,2023-10-14 00:22:07
3,Trump-backed Jim Jordan chosen as Speaker nominee,,2023-10-14 00:22:07
4,France raises security level after school attack,,2023-10-14 00:22:07
5,Flintoff agrees compensation over Top Gear crash,,2023-10-14 00:22:07
6,Critics say Scherzinger 'dazzles' in West End,,2023-10-14 00:22:07
7,Bank boss warns world facing 'most dangerous time',,2023-10-14 00:22:07
8,How would an Israeli ground assault on Gaza unfold?,,2023-10-14 00:22:07
9,Father saves daughter he hadn’t seen for six years from massacre,,2023-10-14 00:22:07
10,Israel targets Hamas’s labyrinth of tunnels under Gaza,,2023-10-14 00:22:07
